{
  "정보": {
    "D-DATA": "1614",
    "바코드": "16142026020900542_002",
    "날짜": "20260209"
  },
  "제품정보": {
    "제품명": "TFB-F29FS",
    "전원": "1Φ 220V, 60HZ",
    "용량": "1760 W",
    "전류": "R:1A (단상)"
  },
  "전원타입": "단상",
  "1차검사결과": {
    "저항값측정결과": "OK",
    "공급전원": "1Φ 220V, 60HZ",
    "측정결과": {
      "R전압": "220.0 V",
      "R전류": "15.50 A",
      "R주파수": "60.0 Hz",
      "전력": "10230.0 W",
      "소음": "OK"
    },
    "판정": "NG1"
  },
  "1차검사일시": "2026-02-09 11:37:48",
  "검사완료차수": 1,
  "최종저장시간": "2026-02-09 11:37:48"
}