{
  "정보": {
    "D-DATA": "1616",
    "바코드": "16162026020900991_003",
    "날짜": "20260209"
  },
  "제품정보": {
    "제품명": "TFB-F29FS",
    "전원": "1Φ 220V, 60HZ",
    "용량": "1760 W",
    "전류": "R:1A (단상)"
  },
  "전원타입": "단상",
  "1차검사결과": {
    "저항값측정결과": "NG",
    "공급전원": "220V 60Hz",
    "측정결과": {
      "R전압": "0.0 V",
      "R전류": "0.00 A",
      "R주파수": "0.0 Hz",
      "전력": "0.0 W",
      "소음": "NG"
    },
    "판정": "NG3"
  },
  "1차검사일시": "2026-02-09 16:44:30",
  "검사완료차수": 3,
  "최종저장시간": "2026-02-09 16:47:50",
  "2차검사결과": {
    "저항값측정결과": "OK",
    "공급전원": "220V 60Hz",
    "측정결과": {
      "R전압": "220.0 V",
      "R전류": "15.50 A",
      "R주파수": "60.0 Hz",
      "전력": "10230.0 W",
      "소음": "OK"
    },
    "판정": "NG1"
  },
  "2차검사일시": "2026-02-09 16:46:05",
  "3차검사결과": {
    "저항값측정결과": "OK",
    "공급전원": "218V 60Hz",
    "측정결과": {
      "R전압": "224.0 V",
      "R전류": "1.00 A",
      "R주파수": "61.0 Hz",
      "전력": "1794.2 W",
      "소음": "OK"
    },
    "판정": "NG1"
  },
  "3차검사일시": "2026-02-09 16:47:50",
  "최종판정": "NG1"
}