{
  "정보": {
    "D-DATA": "2303",
    "바코드": "23032026020900885_005",
    "날짜": "20260209"
  },
  "제품정보": {
    "제품명": "TFB-F16BS",
    "전원": "1Φ 220V, 50HZ",
    "용량": "121 W",
    "전류": "R:1A (단상)"
  },
  "전원타입": "단상",
  "1차검사결과": {
    "저항값측정결과": "OK",
    "공급전원": "1Φ 220V, 50HZ",
    "측정결과": {
      "R전압": "384.2 V",
      "R전류": "2.02 A",
      "R주파수": "59.4 Hz",
      "전력": "251.7 W",
      "소음": "NG"
    },
    "판정": "NG3"
  },
  "1차검사일시": "2026-02-09 01:49:31",
  "검사완료차수": 2,
  "최종저장시간": "2026-02-09 01:51:19",
  "2차검사결과": {
    "저항값측정결과": "OK",
    "공급전원": "1Φ 220V, 50HZ",
    "측정결과": {
      "R전압": "218.2 V",
      "R전류": "1.00 A",
      "R주파수": "50.3 Hz",
      "전력": "248.8 W",
      "소음": "OK"
    },
    "판정": "NG1"
  },
  "2차검사일시": "2026-02-09 01:51:19"
}